Nom de fichier,Largeur (pixels),Hauteur (pixels)
ISIC_0029306.jpg,600,450
ISIC_0029307.jpg,600,450
ISIC_0029308.jpg,600,450
ISIC_0029309.jpg,600,450
ISIC_0029310.jpg,600,450
ISIC_0029311.jpg,600,450
ISIC_0029312.jpg,600,450
ISIC_0029313.jpg,600,450
ISIC_0029314.jpg,600,450
ISIC_0029315.jpg,600,450
ISIC_0029316.jpg,600,450
ISIC_0029317.jpg,600,450
ISIC_0029318.jpg,600,450
ISIC_0029319.jpg,600,450
ISIC_0029320.jpg,600,450
ISIC_0029321.jpg,600,450
ISIC_0029322.jpg,600,450
ISIC_0029323.jpg,600,450
ISIC_0029324.jpg,600,450
ISIC_0029325.jpg,600,450
ISIC_0029326.jpg,600,450
ISIC_0029327.jpg,600,450
ISIC_0029328.jpg,600,450
ISIC_0029329.jpg,600,450
ISIC_0029330.jpg,600,450
ISIC_0029331.jpg,600,450
ISIC_0029332.jpg,600,450
ISIC_0029333.jpg,600,450
ISIC_0029334.jpg,600,450
ISIC_0029335.jpg,600,450
ISIC_0029336.jpg,600,450
ISIC_0029337.jpg,600,450
ISIC_0029338.jpg,600,450
ISIC_0029339.jpg,600,450
ISIC_0029340.jpg,600,450
ISIC_0029341.jpg,600,450
ISIC_0029342.jpg,600,450
ISIC_0029343.jpg,600,450
ISIC_0029344.jpg,600,450
ISIC_0029345.jpg,600,450
ISIC_0029346.jpg,600,450
ISIC_0029347.jpg,600,450
ISIC_0029348.jpg,600,450
ISIC_0029349.jpg,600,450
ISIC_0029350.jpg,600,450
ISIC_0029351.jpg,600,450
ISIC_0029352.jpg,600,450
ISIC_0029353.jpg,600,450
ISIC_0029354.jpg,600,450
ISIC_0029355.jpg,600,450
ISIC_0029356.jpg,600,450
ISIC_0029357.jpg,600,450
ISIC_0029358.jpg,600,450
ISIC_0029359.jpg,600,450
ISIC_0029360.jpg,600,450
ISIC_0029361.jpg,600,450
ISIC_0029362.jpg,600,450
ISIC_0029363.jpg,600,450
ISIC_0029364.jpg,600,450
ISIC_0029365.jpg,600,450
ISIC_0029366.jpg,600,450
ISIC_0029367.jpg,600,450
ISIC_0029368.jpg,600,450
ISIC_0029369.jpg,600,450
ISIC_0029370.jpg,600,450
ISIC_0029371.jpg,600,450
ISIC_0029372.jpg,600,450
ISIC_0029373.jpg,600,450
ISIC_0029374.jpg,600,450
ISIC_0029375.jpg,600,450
ISIC_0029376.jpg,600,450
ISIC_0029377.jpg,600,450
ISIC_0029378.jpg,600,450
ISIC_0029379.jpg,600,450
ISIC_0029380.jpg,600,450
ISIC_0029381.jpg,600,450
ISIC_0029382.jpg,600,450
ISIC_0029383.jpg,600,450
ISIC_0029384.jpg,600,450
ISIC_0029385.jpg,600,450
ISIC_0029386.jpg,600,450
ISIC_0029387.jpg,600,450
ISIC_0029388.jpg,600,450
ISIC_0029389.jpg,600,450
ISIC_0029390.jpg,600,450
ISIC_0029391.jpg,600,450
ISIC_0029392.jpg,600,450
ISIC_0029393.jpg,600,450
ISIC_0029394.jpg,600,450
ISIC_0029395.jpg,600,450
ISIC_0029396.jpg,600,450
ISIC_0029397.jpg,600,450
ISIC_0029398.jpg,600,450
ISIC_0029399.jpg,600,450
ISIC_0029400.jpg,600,450
ISIC_0029401.jpg,600,450
ISIC_0029402.jpg,600,450
ISIC_0029403.jpg,600,450
ISIC_0029404.jpg,600,450
ISIC_0029405.jpg,600,450
ISIC_0029406.jpg,600,450
ISIC_0029407.jpg,600,450
ISIC_0029408.jpg,600,450
ISIC_0029409.jpg,600,450
ISIC_0029410.jpg,600,450
ISIC_0029411.jpg,600,450
ISIC_0029412.jpg,600,450
ISIC_0029413.jpg,600,450
ISIC_0029414.jpg,600,450
ISIC_0029415.jpg,600,450
ISIC_0029416.jpg,600,450
ISIC_0029417.jpg,600,450
ISIC_0029418.jpg,600,450
ISIC_0029419.jpg,600,450
ISIC_0029420.jpg,600,450
ISIC_0029421.jpg,600,450
ISIC_0029422.jpg,600,450
ISIC_0029423.jpg,600,450
ISIC_0029424.jpg,600,450
ISIC_0029425.jpg,600,450
ISIC_0029426.jpg,600,450
ISIC_0029427.jpg,600,450
ISIC_0029428.jpg,600,450
ISIC_0029429.jpg,600,450
ISIC_0029430.jpg,600,450
ISIC_0029431.jpg,600,450
ISIC_0029432.jpg,600,450
ISIC_0029433.jpg,600,450
ISIC_0029434.jpg,600,450
ISIC_0029435.jpg,600,450
ISIC_0029436.jpg,600,450
ISIC_0029437.jpg,600,450
ISIC_0029438.jpg,600,450
ISIC_0029439.jpg,600,450
ISIC_0029440.jpg,600,450
ISIC_0029441.jpg,600,450
ISIC_0029442.jpg,600,450
ISIC_0029443.jpg,600,450
ISIC_0029444.jpg,600,450
ISIC_0029445.jpg,600,450
ISIC_0029446.jpg,600,450
ISIC_0029447.jpg,600,450
ISIC_0029448.jpg,600,450
ISIC_0029449.jpg,600,450
ISIC_0029450.jpg,600,450
ISIC_0029451.jpg,600,450
ISIC_0029452.jpg,600,450
ISIC_0029453.jpg,600,450
ISIC_0029454.jpg,600,450
ISIC_0029455.jpg,600,450
ISIC_0029456.jpg,600,450
ISIC_0029457.jpg,600,450
ISIC_0029458.jpg,600,450
ISIC_0029459.jpg,600,450
ISIC_0029460.jpg,600,450
ISIC_0029461.jpg,600,450
ISIC_0029462.jpg,600,450
ISIC_0029463.jpg,600,450
ISIC_0029464.jpg,600,450
ISIC_0029465.jpg,600,450
ISIC_0029466.jpg,600,450
ISIC_0029467.jpg,600,450
ISIC_0029468.jpg,600,450
ISIC_0029469.jpg,600,450
ISIC_0029470.jpg,600,450
ISIC_0029471.jpg,600,450
ISIC_0029472.jpg,600,450
ISIC_0029473.jpg,600,450
ISIC_0029474.jpg,600,450
ISIC_0029475.jpg,600,450
ISIC_0029476.jpg,600,450
ISIC_0029477.jpg,600,450
ISIC_0029478.jpg,600,450
ISIC_0029479.jpg,600,450
ISIC_0029480.jpg,600,450
ISIC_0029481.jpg,600,450
ISIC_0029482.jpg,600,450
ISIC_0029483.jpg,600,450
ISIC_0029484.jpg,600,450
ISIC_0029485.jpg,600,450
ISIC_0029486.jpg,600,450
ISIC_0029487.jpg,600,450
ISIC_0029488.jpg,600,450
ISIC_0029489.jpg,600,450
ISIC_0029490.jpg,600,450
ISIC_0029491.jpg,600,450
ISIC_0029492.jpg,600,450
ISIC_0029493.jpg,600,450
ISIC_0029494.jpg,600,450
ISIC_0029495.jpg,600,450
ISIC_0029496.jpg,600,450
ISIC_0029497.jpg,600,450
ISIC_0029498.jpg,600,450
ISIC_0029499.jpg,600,450
ISIC_0029500.jpg,600,450
ISIC_0029501.jpg,600,450
ISIC_0029502.jpg,600,450
ISIC_0029503.jpg,600,450
ISIC_0029504.jpg,600,450
ISIC_0029505.jpg,600,450
ISIC_0029506.jpg,600,450
ISIC_0029507.jpg,600,450
ISIC_0029508.jpg,600,450
ISIC_0029509.jpg,600,450
ISIC_0029510.jpg,600,450
ISIC_0029511.jpg,600,450
ISIC_0029512.jpg,600,450
ISIC_0029513.jpg,600,450
ISIC_0029514.jpg,600,450
ISIC_0029515.jpg,600,450
ISIC_0029516.jpg,600,450
ISIC_0029517.jpg,600,450
ISIC_0029518.jpg,600,450
ISIC_0029519.jpg,600,450
ISIC_0029520.jpg,600,450
ISIC_0029521.jpg,600,450
ISIC_0029522.jpg,600,450
ISIC_0029523.jpg,600,450
ISIC_0029524.jpg,600,450
ISIC_0029525.jpg,600,450
ISIC_0029526.jpg,600,450
ISIC_0029527.jpg,600,450
ISIC_0029528.jpg,600,450
ISIC_0029529.jpg,600,450
ISIC_0029530.jpg,600,450
ISIC_0029531.jpg,600,450
ISIC_0029532.jpg,600,450
ISIC_0029533.jpg,600,450
ISIC_0029534.jpg,600,450
ISIC_0029535.jpg,600,450
ISIC_0029536.jpg,600,450
ISIC_0029537.jpg,600,450
ISIC_0029538.jpg,600,450
ISIC_0029539.jpg,600,450
ISIC_0029540.jpg,600,450
ISIC_0029541.jpg,600,450
ISIC_0029542.jpg,600,450
ISIC_0029543.jpg,600,450
ISIC_0029544.jpg,600,450
ISIC_0029545.jpg,600,450
ISIC_0029546.jpg,600,450
ISIC_0029547.jpg,600,450
ISIC_0029548.jpg,600,450
ISIC_0029549.jpg,600,450
ISIC_0029550.jpg,600,450
ISIC_0029551.jpg,600,450
ISIC_0029552.jpg,600,450
ISIC_0029553.jpg,600,450
ISIC_0029554.jpg,600,450
ISIC_0029555.jpg,600,450
ISIC_0029556.jpg,600,450
ISIC_0029557.jpg,600,450
ISIC_0029558.jpg,600,450
ISIC_0029559.jpg,600,450
ISIC_0029560.jpg,600,450
ISIC_0029561.jpg,600,450
ISIC_0029562.jpg,600,450
ISIC_0029563.jpg,600,450
ISIC_0029564.jpg,600,450
ISIC_0029565.jpg,600,450
ISIC_0029566.jpg,600,450
ISIC_0029567.jpg,600,450
ISIC_0029568.jpg,600,450
ISIC_0029569.jpg,600,450
ISIC_0029570.jpg,600,450
ISIC_0029571.jpg,600,450
ISIC_0029572.jpg,600,450
ISIC_0029573.jpg,600,450
ISIC_0029574.jpg,600,450
ISIC_0029575.jpg,600,450
ISIC_0029576.jpg,600,450
ISIC_0029577.jpg,600,450
ISIC_0029578.jpg,600,450
ISIC_0029579.jpg,600,450
ISIC_0029580.jpg,600,450
ISIC_0029581.jpg,600,450
ISIC_0029582.jpg,600,450
ISIC_0029583.jpg,600,450
ISIC_0029584.jpg,600,450
ISIC_0029585.jpg,600,450
ISIC_0029586.jpg,600,450
ISIC_0029587.jpg,600,450
ISIC_0029588.jpg,600,450
ISIC_0029589.jpg,600,450
ISIC_0029590.jpg,600,450
ISIC_0029591.jpg,600,450
ISIC_0029592.jpg,600,450
ISIC_0029593.jpg,600,450
ISIC_0029594.jpg,600,450
ISIC_0029595.jpg,600,450
ISIC_0029596.jpg,600,450
ISIC_0029597.jpg,600,450
ISIC_0029598.jpg,600,450
ISIC_0029599.jpg,600,450
ISIC_0029600.jpg,600,450
ISIC_0029601.jpg,600,450
ISIC_0029602.jpg,600,450
ISIC_0029603.jpg,600,450
ISIC_0029604.jpg,600,450
ISIC_0029605.jpg,600,450
ISIC_0029606.jpg,600,450
ISIC_0029607.jpg,600,450
ISIC_0029608.jpg,600,450
ISIC_0029609.jpg,600,450
ISIC_0029610.jpg,600,450
ISIC_0029611.jpg,600,450
ISIC_0029612.jpg,600,450
ISIC_0029613.jpg,600,450
ISIC_0029614.jpg,600,450
ISIC_0029615.jpg,600,450
ISIC_0029616.jpg,600,450
ISIC_0029617.jpg,600,450
ISIC_0029618.jpg,600,450
ISIC_0029619.jpg,600,450
ISIC_0029620.jpg,600,450
ISIC_0029621.jpg,600,450
ISIC_0029622.jpg,600,450
ISIC_0029623.jpg,600,450
ISIC_0029624.jpg,600,450
ISIC_0029625.jpg,600,450
ISIC_0029626.jpg,600,450
ISIC_0029627.jpg,600,450
ISIC_0029628.jpg,600,450
ISIC_0029629.jpg,600,450
ISIC_0029630.jpg,600,450
ISIC_0029631.jpg,600,450
ISIC_0029632.jpg,600,450
ISIC_0029633.jpg,600,450
ISIC_0029634.jpg,600,450
ISIC_0029635.jpg,600,450
ISIC_0029636.jpg,600,450
ISIC_0029637.jpg,600,450
ISIC_0029638.jpg,600,450
ISIC_0029639.jpg,600,450
ISIC_0029640.jpg,600,450
ISIC_0029641.jpg,600,450
ISIC_0029642.jpg,600,450
ISIC_0029643.jpg,600,450
ISIC_0029644.jpg,600,450
ISIC_0029645.jpg,600,450
ISIC_0029646.jpg,600,450
ISIC_0029647.jpg,600,450
ISIC_0029648.jpg,600,450
ISIC_0029649.jpg,600,450
ISIC_0029650.jpg,600,450
ISIC_0029651.jpg,600,450
ISIC_0029652.jpg,600,450
ISIC_0029653.jpg,600,450
ISIC_0029654.jpg,600,450
ISIC_0029655.jpg,600,450
ISIC_0029656.jpg,600,450
ISIC_0029657.jpg,600,450
ISIC_0029658.jpg,600,450
ISIC_0029659.jpg,600,450
ISIC_0029660.jpg,600,450
ISIC_0029661.jpg,600,450
ISIC_0029662.jpg,600,450
ISIC_0029663.jpg,600,450
ISIC_0029664.jpg,600,450
ISIC_0029665.jpg,600,450
ISIC_0029666.jpg,600,450
ISIC_0029667.jpg,600,450
ISIC_0029668.jpg,600,450
ISIC_0029669.jpg,600,450
ISIC_0029670.jpg,600,450
ISIC_0029671.jpg,600,450
ISIC_0029672.jpg,600,450
ISIC_0029673.jpg,600,450
ISIC_0029674.jpg,600,450
ISIC_0029675.jpg,600,450
ISIC_0029676.jpg,600,450
ISIC_0029677.jpg,600,450
ISIC_0029678.jpg,600,450
ISIC_0029679.jpg,600,450
ISIC_0029680.jpg,600,450
ISIC_0029681.jpg,600,450
ISIC_0029682.jpg,600,450
ISIC_0029683.jpg,600,450
ISIC_0029684.jpg,600,450
ISIC_0029685.jpg,600,450
ISIC_0029686.jpg,600,450
ISIC_0029687.jpg,600,450
ISIC_0029688.jpg,600,450
ISIC_0029689.jpg,600,450
ISIC_0029690.jpg,600,450
ISIC_0029691.jpg,600,450
ISIC_0029692.jpg,600,450
ISIC_0029693.jpg,600,450
ISIC_0029694.jpg,600,450
ISIC_0029695.jpg,600,450
ISIC_0029696.jpg,600,450
ISIC_0029697.jpg,600,450
ISIC_0029698.jpg,600,450
ISIC_0029699.jpg,600,450
ISIC_0029700.jpg,600,450
ISIC_0029701.jpg,600,450
ISIC_0029702.jpg,600,450
ISIC_0029703.jpg,600,450
ISIC_0029704.jpg,600,450
ISIC_0029705.jpg,600,450
ISIC_0029706.jpg,600,450
ISIC_0029707.jpg,600,450
ISIC_0029708.jpg,600,450
ISIC_0029709.jpg,600,450
ISIC_0029710.jpg,600,450
ISIC_0029711.jpg,600,450
ISIC_0029712.jpg,600,450
ISIC_0029713.jpg,600,450
ISIC_0029714.jpg,600,450
ISIC_0029715.jpg,600,450
ISIC_0029716.jpg,600,450
ISIC_0029717.jpg,600,450
ISIC_0029718.jpg,600,450
ISIC_0029719.jpg,600,450
ISIC_0029720.jpg,600,450
ISIC_0029721.jpg,600,450
ISIC_0029722.jpg,600,450
ISIC_0029723.jpg,600,450
ISIC_0029724.jpg,600,450
ISIC_0029725.jpg,600,450
ISIC_0029726.jpg,600,450
ISIC_0029727.jpg,600,450
ISIC_0029728.jpg,600,450
ISIC_0029729.jpg,600,450
ISIC_0029730.jpg,600,450
ISIC_0029731.jpg,600,450
ISIC_0029732.jpg,600,450
ISIC_0029733.jpg,600,450
ISIC_0029734.jpg,600,450
ISIC_0029735.jpg,600,450
ISIC_0029736.jpg,600,450
ISIC_0029737.jpg,600,450
ISIC_0029738.jpg,600,450
ISIC_0029739.jpg,600,450
ISIC_0029740.jpg,600,450
ISIC_0029741.jpg,600,450
ISIC_0029742.jpg,600,450
ISIC_0029743.jpg,600,450
ISIC_0029744.jpg,600,450
ISIC_0029745.jpg,600,450
ISIC_0029746.jpg,600,450
ISIC_0029747.jpg,600,450
ISIC_0029748.jpg,600,450
ISIC_0029749.jpg,600,450
ISIC_0029750.jpg,600,450
ISIC_0029751.jpg,600,450
ISIC_0029752.jpg,600,450
ISIC_0029753.jpg,600,450
ISIC_0029754.jpg,600,450
ISIC_0029755.jpg,600,450
ISIC_0029756.jpg,600,450
ISIC_0029757.jpg,600,450
ISIC_0029758.jpg,600,450
ISIC_0029759.jpg,600,450
ISIC_0029760.jpg,600,450
ISIC_0029761.jpg,600,450
ISIC_0029762.jpg,600,450
ISIC_0029763.jpg,600,450
ISIC_0029764.jpg,600,450
ISIC_0029765.jpg,600,450
ISIC_0029766.jpg,600,450
ISIC_0029767.jpg,600,450
ISIC_0029768.jpg,600,450
ISIC_0029769.jpg,600,450
ISIC_0029770.jpg,600,450
ISIC_0029771.jpg,600,450
ISIC_0029772.jpg,600,450
ISIC_0029773.jpg,600,450
ISIC_0029774.jpg,600,450
ISIC_0029775.jpg,600,450
ISIC_0029776.jpg,600,450
ISIC_0029777.jpg,600,450
ISIC_0029778.jpg,600,450
ISIC_0029779.jpg,600,450
ISIC_0029780.jpg,600,450
ISIC_0029781.jpg,600,450
ISIC_0029782.jpg,600,450
ISIC_0029783.jpg,600,450
ISIC_0029784.jpg,600,450
ISIC_0029785.jpg,600,450
ISIC_0029786.jpg,600,450
ISIC_0029787.jpg,600,450
ISIC_0029788.jpg,600,450
ISIC_0029789.jpg,600,450
ISIC_0029790.jpg,600,450
ISIC_0029791.jpg,600,450
ISIC_0029792.jpg,600,450
ISIC_0029793.jpg,600,450
ISIC_0029794.jpg,600,450
ISIC_0029795.jpg,600,450
ISIC_0029796.jpg,600,450
ISIC_0029797.jpg,600,450
ISIC_0029798.jpg,600,450
ISIC_0029799.jpg,600,450
ISIC_0029800.jpg,600,450
ISIC_0029801.jpg,600,450
ISIC_0029802.jpg,600,450
ISIC_0029803.jpg,600,450
ISIC_0029804.jpg,600,450
ISIC_0029805.jpg,600,450
ISIC_0029806.jpg,600,450
ISIC_0029807.jpg,600,450
ISIC_0029808.jpg,600,450
ISIC_0029809.jpg,600,450
ISIC_0029810.jpg,600,450
ISIC_0029811.jpg,600,450
ISIC_0029812.jpg,600,450
ISIC_0029813.jpg,600,450
ISIC_0029814.jpg,600,450
ISIC_0029815.jpg,600,450
ISIC_0029816.jpg,600,450
ISIC_0029817.jpg,600,450
ISIC_0029818.jpg,600,450
ISIC_0029819.jpg,600,450
ISIC_0029820.jpg,600,450
ISIC_0029821.jpg,600,450
ISIC_0029822.jpg,600,450
ISIC_0029823.jpg,600,450
ISIC_0029824.jpg,600,450
ISIC_0029825.jpg,600,450
ISIC_0029826.jpg,600,450
ISIC_0029827.jpg,600,450
ISIC_0029828.jpg,600,450
ISIC_0029829.jpg,600,450
ISIC_0029830.jpg,600,450
ISIC_0029831.jpg,600,450
ISIC_0029832.jpg,600,450
ISIC_0029833.jpg,600,450
ISIC_0029834.jpg,600,450
ISIC_0029835.jpg,600,450
ISIC_0029836.jpg,600,450
ISIC_0029837.jpg,600,450
ISIC_0029838.jpg,600,450
ISIC_0029839.jpg,600,450
ISIC_0029840.jpg,600,450
ISIC_0029841.jpg,600,450
ISIC_0029842.jpg,600,450
ISIC_0029843.jpg,600,450
ISIC_0029844.jpg,600,450
ISIC_0029845.jpg,600,450
ISIC_0029846.jpg,600,450
ISIC_0029847.jpg,600,450
ISIC_0029848.jpg,600,450
ISIC_0029849.jpg,600,450
ISIC_0029850.jpg,600,450
ISIC_0029851.jpg,600,450
ISIC_0029852.jpg,600,450
ISIC_0029853.jpg,600,450
ISIC_0029854.jpg,600,450
ISIC_0029855.jpg,600,450
ISIC_0029856.jpg,600,450
ISIC_0029857.jpg,600,450
ISIC_0029858.jpg,600,450
ISIC_0029859.jpg,600,450
ISIC_0029860.jpg,600,450
ISIC_0029861.jpg,600,450
ISIC_0029862.jpg,600,450
ISIC_0029863.jpg,600,450
ISIC_0029864.jpg,600,450
ISIC_0029865.jpg,600,450
ISIC_0029866.jpg,600,450
ISIC_0029867.jpg,600,450
ISIC_0029868.jpg,600,450
ISIC_0029869.jpg,600,450
ISIC_0029870.jpg,600,450
ISIC_0029871.jpg,600,450
ISIC_0029872.jpg,600,450
ISIC_0029873.jpg,600,450
ISIC_0029874.jpg,600,450
ISIC_0029875.jpg,600,450
ISIC_0029876.jpg,600,450
ISIC_0029877.jpg,600,450
ISIC_0029878.jpg,600,450
ISIC_0029879.jpg,600,450
ISIC_0029880.jpg,600,450
ISIC_0029881.jpg,600,450
ISIC_0029882.jpg,600,450
ISIC_0029883.jpg,600,450
ISIC_0029884.jpg,600,450
ISIC_0029885.jpg,600,450
ISIC_0029886.jpg,600,450
ISIC_0029887.jpg,600,450
ISIC_0029888.jpg,600,450
ISIC_0029889.jpg,600,450
ISIC_0029890.jpg,600,450
ISIC_0029891.jpg,600,450
ISIC_0029892.jpg,600,450
ISIC_0029893.jpg,600,450
ISIC_0029894.jpg,600,450
ISIC_0029895.jpg,600,450
ISIC_0029896.jpg,600,450
ISIC_0029897.jpg,600,450
ISIC_0029898.jpg,600,450
ISIC_0029899.jpg,600,450
ISIC_0029900.jpg,600,450
ISIC_0029901.jpg,600,450
ISIC_0029902.jpg,600,450
ISIC_0029903.jpg,600,450
ISIC_0029904.jpg,600,450
ISIC_0029905.jpg,600,450
ISIC_0029906.jpg,600,450
ISIC_0029907.jpg,600,450
ISIC_0029908.jpg,600,450
ISIC_0029909.jpg,600,450
ISIC_0029910.jpg,600,450
ISIC_0029911.jpg,600,450
ISIC_0029912.jpg,600,450
ISIC_0029913.jpg,600,450
ISIC_0029914.jpg,600,450
ISIC_0029915.jpg,600,450
ISIC_0029916.jpg,600,450
ISIC_0029917.jpg,600,450
ISIC_0029918.jpg,600,450
ISIC_0029919.jpg,600,450
ISIC_0029920.jpg,600,450
ISIC_0029921.jpg,600,450
ISIC_0029922.jpg,600,450
ISIC_0029923.jpg,600,450
ISIC_0029924.jpg,600,450
ISIC_0029925.jpg,600,450
ISIC_0029926.jpg,600,450
ISIC_0029927.jpg,600,450
ISIC_0029928.jpg,600,450
ISIC_0029929.jpg,600,450
ISIC_0029930.jpg,600,450
ISIC_0029931.jpg,600,450
ISIC_0029932.jpg,600,450
ISIC_0029933.jpg,600,450
ISIC_0029934.jpg,600,450
ISIC_0029935.jpg,600,450
ISIC_0029936.jpg,600,450
ISIC_0029937.jpg,600,450
ISIC_0029938.jpg,600,450
ISIC_0029939.jpg,600,450
ISIC_0029940.jpg,600,450
ISIC_0029941.jpg,600,450
ISIC_0029942.jpg,600,450
ISIC_0029943.jpg,600,450
ISIC_0029944.jpg,600,450
ISIC_0029945.jpg,600,450
ISIC_0029946.jpg,600,450
ISIC_0029947.jpg,600,450
ISIC_0029948.jpg,600,450
ISIC_0029949.jpg,600,450
ISIC_0029950.jpg,600,450
ISIC_0029951.jpg,600,450
ISIC_0029952.jpg,600,450
ISIC_0029953.jpg,600,450
ISIC_0029954.jpg,600,450
ISIC_0029955.jpg,600,450
ISIC_0029956.jpg,600,450
ISIC_0029957.jpg,600,450
ISIC_0029958.jpg,600,450
ISIC_0029959.jpg,600,450
ISIC_0029960.jpg,600,450
ISIC_0029961.jpg,600,450
ISIC_0029962.jpg,600,450
ISIC_0029963.jpg,600,450
ISIC_0029964.jpg,600,450
ISIC_0029965.jpg,600,450
ISIC_0029966.jpg,600,450
ISIC_0029967.jpg,600,450
ISIC_0029968.jpg,600,450
ISIC_0029969.jpg,600,450
ISIC_0029970.jpg,600,450
ISIC_0029971.jpg,600,450
ISIC_0029972.jpg,600,450
ISIC_0029973.jpg,600,450
ISIC_0029974.jpg,600,450
ISIC_0029975.jpg,600,450
ISIC_0029976.jpg,600,450
ISIC_0029977.jpg,600,450
ISIC_0029978.jpg,600,450
ISIC_0029979.jpg,600,450
ISIC_0029980.jpg,600,450
ISIC_0029981.jpg,600,450
ISIC_0029982.jpg,600,450
ISIC_0029983.jpg,600,450
ISIC_0029984.jpg,600,450
ISIC_0029985.jpg,600,450
ISIC_0029986.jpg,600,450
ISIC_0029987.jpg,600,450
ISIC_0029988.jpg,600,450
ISIC_0029989.jpg,600,450
ISIC_0029990.jpg,600,450
ISIC_0029991.jpg,600,450
ISIC_0029992.jpg,600,450
ISIC_0029993.jpg,600,450
ISIC_0029994.jpg,600,450
ISIC_0029995.jpg,600,450
ISIC_0029996.jpg,600,450
ISIC_0029997.jpg,600,450
ISIC_0029998.jpg,600,450
ISIC_0029999.jpg,600,450
ISIC_0030000.jpg,600,450
ISIC_0030001.jpg,600,450
ISIC_0030002.jpg,600,450
ISIC_0030003.jpg,600,450
ISIC_0030004.jpg,600,450
ISIC_0030005.jpg,600,450
ISIC_0030006.jpg,600,450
ISIC_0030007.jpg,600,450
ISIC_0030008.jpg,600,450
ISIC_0030009.jpg,600,450
ISIC_0030010.jpg,600,450
ISIC_0030011.jpg,600,450
ISIC_0030012.jpg,600,450
ISIC_0030013.jpg,600,450
ISIC_0030014.jpg,600,450
ISIC_0030015.jpg,600,450
ISIC_0030016.jpg,600,450
ISIC_0030017.jpg,600,450
ISIC_0030018.jpg,600,450
ISIC_0030019.jpg,600,450
ISIC_0030020.jpg,600,450
ISIC_0030021.jpg,600,450
ISIC_0030022.jpg,600,450
ISIC_0030023.jpg,600,450
ISIC_0030024.jpg,600,450
ISIC_0030025.jpg,600,450
ISIC_0030026.jpg,600,450
ISIC_0030027.jpg,600,450
ISIC_0030028.jpg,600,450
ISIC_0030029.jpg,600,450
ISIC_0030030.jpg,600,450
ISIC_0030031.jpg,600,450
ISIC_0030032.jpg,600,450
ISIC_0030033.jpg,600,450
ISIC_0030034.jpg,600,450
ISIC_0030035.jpg,600,450
ISIC_0030036.jpg,600,450
ISIC_0030037.jpg,600,450
ISIC_0030038.jpg,600,450
ISIC_0030039.jpg,600,450
ISIC_0030040.jpg,600,450
ISIC_0030041.jpg,600,450
ISIC_0030042.jpg,600,450
ISIC_0030043.jpg,600,450
ISIC_0030044.jpg,600,450
ISIC_0030045.jpg,600,450
ISIC_0030046.jpg,600,450
ISIC_0030047.jpg,600,450
ISIC_0030048.jpg,600,450
ISIC_0030049.jpg,600,450
ISIC_0030050.jpg,600,450
ISIC_0030051.jpg,600,450
ISIC_0030052.jpg,600,450
ISIC_0030053.jpg,600,450
ISIC_0030054.jpg,600,450
ISIC_0030055.jpg,600,450
ISIC_0030056.jpg,600,450
ISIC_0030057.jpg,600,450
ISIC_0030058.jpg,600,450
ISIC_0030059.jpg,600,450
ISIC_0030060.jpg,600,450
ISIC_0030061.jpg,600,450
ISIC_0030062.jpg,600,450
ISIC_0030063.jpg,600,450
ISIC_0030064.jpg,600,450
ISIC_0030065.jpg,600,450
ISIC_0030066.jpg,600,450
ISIC_0030067.jpg,600,450
ISIC_0030068.jpg,600,450
ISIC_0030069.jpg,600,450
ISIC_0030070.jpg,600,450
ISIC_0030071.jpg,600,450
ISIC_0030072.jpg,600,450
ISIC_0030073.jpg,600,450
ISIC_0030074.jpg,600,450
ISIC_0030075.jpg,600,450
ISIC_0030076.jpg,600,450
ISIC_0030077.jpg,600,450
ISIC_0030078.jpg,600,450
ISIC_0030079.jpg,600,450
ISIC_0030080.jpg,600,450
ISIC_0030081.jpg,600,450
ISIC_0030082.jpg,600,450
ISIC_0030083.jpg,600,450
ISIC_0030084.jpg,600,450
ISIC_0030085.jpg,600,450
ISIC_0030086.jpg,600,450
ISIC_0030087.jpg,600,450
ISIC_0030088.jpg,600,450
ISIC_0030089.jpg,600,450
ISIC_0030090.jpg,600,450
ISIC_0030091.jpg,600,450
ISIC_0030092.jpg,600,450
ISIC_0030093.jpg,600,450
ISIC_0030094.jpg,600,450
ISIC_0030095.jpg,600,450
ISIC_0030096.jpg,600,450
ISIC_0030097.jpg,600,450
ISIC_0030098.jpg,600,450
ISIC_0030099.jpg,600,450
ISIC_0030100.jpg,600,450
ISIC_0030101.jpg,600,450
ISIC_0030102.jpg,600,450
ISIC_0030103.jpg,600,450
ISIC_0030104.jpg,600,450
ISIC_0030105.jpg,600,450
ISIC_0030106.jpg,600,450
ISIC_0030107.jpg,600,450
ISIC_0030108.jpg,600,450
ISIC_0030109.jpg,600,450
ISIC_0030110.jpg,600,450
ISIC_0030111.jpg,600,450
ISIC_0030112.jpg,600,450
ISIC_0030113.jpg,600,450
ISIC_0030114.jpg,600,450
ISIC_0030115.jpg,600,450
ISIC_0030116.jpg,600,450
ISIC_0030117.jpg,600,450
ISIC_0030118.jpg,600,450
ISIC_0030119.jpg,600,450
ISIC_0030120.jpg,600,450
ISIC_0030121.jpg,600,450
ISIC_0030122.jpg,600,450
ISIC_0030123.jpg,600,450
ISIC_0030124.jpg,600,450
ISIC_0030125.jpg,600,450
ISIC_0030126.jpg,600,450
ISIC_0030127.jpg,600,450
ISIC_0030128.jpg,600,450
ISIC_0030129.jpg,600,450
ISIC_0030130.jpg,600,450
ISIC_0030131.jpg,600,450
ISIC_0030132.jpg,600,450
ISIC_0030133.jpg,600,450
ISIC_0030134.jpg,600,450
ISIC_0030135.jpg,600,450
ISIC_0030136.jpg,600,450
ISIC_0030137.jpg,600,450
ISIC_0030138.jpg,600,450
ISIC_0030139.jpg,600,450
ISIC_0030140.jpg,600,450
ISIC_0030141.jpg,600,450
ISIC_0030142.jpg,600,450
ISIC_0030143.jpg,600,450
ISIC_0030144.jpg,600,450
ISIC_0030145.jpg,600,450
ISIC_0030146.jpg,600,450
ISIC_0030147.jpg,600,450
ISIC_0030148.jpg,600,450
ISIC_0030149.jpg,600,450
ISIC_0030150.jpg,600,450
ISIC_0030151.jpg,600,450
ISIC_0030152.jpg,600,450
ISIC_0030153.jpg,600,450
ISIC_0030154.jpg,600,450
ISIC_0030155.jpg,600,450
ISIC_0030156.jpg,600,450
ISIC_0030157.jpg,600,450
ISIC_0030158.jpg,600,450
ISIC_0030159.jpg,600,450
ISIC_0030160.jpg,600,450
ISIC_0030161.jpg,600,450
ISIC_0030162.jpg,600,450
ISIC_0030163.jpg,600,450
ISIC_0030164.jpg,600,450
ISIC_0030165.jpg,600,450
ISIC_0030166.jpg,600,450
ISIC_0030167.jpg,600,450
ISIC_0030168.jpg,600,450
ISIC_0030169.jpg,600,450
ISIC_0030170.jpg,600,450
ISIC_0030171.jpg,600,450
ISIC_0030172.jpg,600,450
ISIC_0030173.jpg,600,450
ISIC_0030174.jpg,600,450
ISIC_0030175.jpg,600,450
ISIC_0030176.jpg,600,450
ISIC_0030177.jpg,600,450
ISIC_0030178.jpg,600,450
ISIC_0030179.jpg,600,450
ISIC_0030180.jpg,600,450
ISIC_0030181.jpg,600,450
ISIC_0030182.jpg,600,450
ISIC_0030183.jpg,600,450
ISIC_0030184.jpg,600,450
ISIC_0030185.jpg,600,450
ISIC_0030186.jpg,600,450
ISIC_0030187.jpg,600,450
ISIC_0030188.jpg,600,450
ISIC_0030189.jpg,600,450
ISIC_0030190.jpg,600,450
ISIC_0030191.jpg,600,450
ISIC_0030192.jpg,600,450
ISIC_0030193.jpg,600,450
ISIC_0030194.jpg,600,450
ISIC_0030195.jpg,600,450
ISIC_0030196.jpg,600,450
ISIC_0030197.jpg,600,450
ISIC_0030198.jpg,600,450
ISIC_0030199.jpg,600,450
ISIC_0030200.jpg,600,450
ISIC_0030201.jpg,600,450
ISIC_0030202.jpg,600,450
ISIC_0030203.jpg,600,450
ISIC_0030204.jpg,600,450
ISIC_0030205.jpg,600,450
ISIC_0030206.jpg,600,450
ISIC_0030207.jpg,600,450
ISIC_0030208.jpg,600,450
ISIC_0030209.jpg,600,450
ISIC_0030210.jpg,600,450
ISIC_0030211.jpg,600,450
ISIC_0030212.jpg,600,450
ISIC_0030213.jpg,600,450
ISIC_0030214.jpg,600,450
ISIC_0030215.jpg,600,450
ISIC_0030216.jpg,600,450
ISIC_0030217.jpg,600,450
ISIC_0030218.jpg,600,450
ISIC_0030219.jpg,600,450
ISIC_0030220.jpg,600,450
ISIC_0030221.jpg,600,450
ISIC_0030222.jpg,600,450
ISIC_0030223.jpg,600,450
ISIC_0030224.jpg,600,450
ISIC_0030225.jpg,600,450
ISIC_0030226.jpg,600,450
ISIC_0030227.jpg,600,450
ISIC_0030228.jpg,600,450
ISIC_0030229.jpg,600,450
ISIC_0030230.jpg,600,450
ISIC_0030231.jpg,600,450
ISIC_0030232.jpg,600,450
ISIC_0030233.jpg,600,450
ISIC_0030234.jpg,600,450
ISIC_0030235.jpg,600,450
ISIC_0030236.jpg,600,450
ISIC_0030237.jpg,600,450
ISIC_0030238.jpg,600,450
ISIC_0030239.jpg,600,450
ISIC_0030240.jpg,600,450
ISIC_0030241.jpg,600,450
ISIC_0030242.jpg,600,450
ISIC_0030243.jpg,600,450
ISIC_0030244.jpg,600,450
ISIC_0030245.jpg,600,450
ISIC_0030246.jpg,600,450
ISIC_0030247.jpg,600,450
ISIC_0030248.jpg,600,450
ISIC_0030249.jpg,600,450
ISIC_0030250.jpg,600,450
ISIC_0030251.jpg,600,450
ISIC_0030252.jpg,600,450
ISIC_0030253.jpg,600,450
ISIC_0030254.jpg,600,450
ISIC_0030255.jpg,600,450
ISIC_0030256.jpg,600,450
ISIC_0030257.jpg,600,450
ISIC_0030258.jpg,600,450
ISIC_0030259.jpg,600,450
ISIC_0030260.jpg,600,450
ISIC_0030261.jpg,600,450
ISIC_0030262.jpg,600,450
ISIC_0030263.jpg,600,450
ISIC_0030264.jpg,600,450
ISIC_0030265.jpg,600,450
ISIC_0030266.jpg,600,450
ISIC_0030267.jpg,600,450
ISIC_0030268.jpg,600,450
ISIC_0030269.jpg,600,450
ISIC_0030270.jpg,600,450
ISIC_0030271.jpg,600,450
ISIC_0030272.jpg,600,450
ISIC_0030273.jpg,600,450
ISIC_0030274.jpg,600,450
ISIC_0030275.jpg,600,450
ISIC_0030276.jpg,600,450
ISIC_0030277.jpg,600,450
ISIC_0030278.jpg,600,450
ISIC_0030279.jpg,600,450
ISIC_0030280.jpg,600,450
ISIC_0030281.jpg,600,450
ISIC_0030282.jpg,600,450
ISIC_0030283.jpg,600,450
ISIC_0030284.jpg,600,450
ISIC_0030285.jpg,600,450
ISIC_0030286.jpg,600,450
ISIC_0030287.jpg,600,450
ISIC_0030288.jpg,600,450
ISIC_0030289.jpg,600,450
ISIC_0030290.jpg,600,450
ISIC_0030291.jpg,600,450
ISIC_0030292.jpg,600,450
ISIC_0030293.jpg,600,450
ISIC_0030294.jpg,600,450
ISIC_0030295.jpg,600,450
ISIC_0030296.jpg,600,450
ISIC_0030297.jpg,600,450
ISIC_0030298.jpg,600,450
ISIC_0030299.jpg,600,450
ISIC_0030300.jpg,600,450
ISIC_0030301.jpg,600,450
ISIC_0030302.jpg,600,450
ISIC_0030303.jpg,600,450
ISIC_0030304.jpg,600,450
ISIC_0030305.jpg,600,450
ISIC_0030306.jpg,600,450
ISIC_0030307.jpg,600,450
ISIC_0030308.jpg,600,450
ISIC_0030309.jpg,600,450
ISIC_0030310.jpg,600,450
ISIC_0030311.jpg,600,450
ISIC_0030312.jpg,600,450
ISIC_0030313.jpg,600,450
ISIC_0030314.jpg,600,450
ISIC_0030315.jpg,600,450
ISIC_0030316.jpg,600,450
ISIC_0030317.jpg,600,450
ISIC_0030318.jpg,600,450
ISIC_0030319.jpg,600,450
ISIC_0030320.jpg,600,450
ISIC_0030321.jpg,600,450
ISIC_0030322.jpg,600,450
ISIC_0030323.jpg,600,450
ISIC_0030324.jpg,600,450
ISIC_0030325.jpg,600,450
ISIC_0030326.jpg,600,450
ISIC_0030327.jpg,600,450
ISIC_0030328.jpg,600,450
ISIC_0030329.jpg,600,450
ISIC_0030330.jpg,600,450
ISIC_0030331.jpg,600,450
ISIC_0030332.jpg,600,450
ISIC_0030333.jpg,600,450
ISIC_0030334.jpg,600,450
ISIC_0030335.jpg,600,450
ISIC_0030336.jpg,600,450
ISIC_0030337.jpg,600,450
ISIC_0030338.jpg,600,450
ISIC_0030339.jpg,600,450
ISIC_0030340.jpg,600,450
ISIC_0030341.jpg,600,450
ISIC_0030342.jpg,600,450
ISIC_0030343.jpg,600,450
ISIC_0030344.jpg,600,450
ISIC_0030345.jpg,600,450
ISIC_0030346.jpg,600,450
ISIC_0030347.jpg,600,450
ISIC_0030348.jpg,600,450
ISIC_0030349.jpg,600,450
ISIC_0030350.jpg,600,450
ISIC_0030351.jpg,600,450
ISIC_0030352.jpg,600,450
ISIC_0030353.jpg,600,450
ISIC_0030354.jpg,600,450
ISIC_0030355.jpg,600,450
ISIC_0030356.jpg,600,450
ISIC_0030357.jpg,600,450
ISIC_0030358.jpg,600,450
ISIC_0030359.jpg,600,450
ISIC_0030360.jpg,600,450
ISIC_0030361.jpg,600,450
ISIC_0030362.jpg,600,450
ISIC_0030363.jpg,600,450
ISIC_0030364.jpg,600,450
ISIC_0030365.jpg,600,450
ISIC_0030366.jpg,600,450
ISIC_0030367.jpg,600,450
ISIC_0030368.jpg,600,450
ISIC_0030369.jpg,600,450
ISIC_0030370.jpg,600,450
ISIC_0030371.jpg,600,450
ISIC_0030372.jpg,600,450
ISIC_0030373.jpg,600,450
ISIC_0030374.jpg,600,450
ISIC_0030375.jpg,600,450
ISIC_0030376.jpg,600,450
ISIC_0030377.jpg,600,450
ISIC_0030378.jpg,600,450
ISIC_0030379.jpg,600,450
ISIC_0030380.jpg,600,450
ISIC_0030381.jpg,600,450
ISIC_0030382.jpg,600,450
ISIC_0030383.jpg,600,450
ISIC_0030384.jpg,600,450
ISIC_0030385.jpg,600,450
ISIC_0030386.jpg,600,450
ISIC_0030387.jpg,600,450
ISIC_0030388.jpg,600,450
ISIC_0030389.jpg,600,450
ISIC_0030390.jpg,600,450
ISIC_0030391.jpg,600,450
ISIC_0030392.jpg,600,450
ISIC_0030393.jpg,600,450
ISIC_0030394.jpg,600,450
ISIC_0030395.jpg,600,450
ISIC_0030396.jpg,600,450
ISIC_0030397.jpg,600,450
ISIC_0030398.jpg,600,450
ISIC_0030399.jpg,600,450
ISIC_0030400.jpg,600,450
ISIC_0030401.jpg,600,450
ISIC_0030402.jpg,600,450
ISIC_0030403.jpg,600,450
ISIC_0030404.jpg,600,450
ISIC_0030405.jpg,600,450
ISIC_0030406.jpg,600,450
ISIC_0030407.jpg,600,450
ISIC_0030408.jpg,600,450
ISIC_0030409.jpg,600,450
ISIC_0030410.jpg,600,450
ISIC_0030411.jpg,600,450
ISIC_0030412.jpg,600,450
ISIC_0030413.jpg,600,450
ISIC_0030414.jpg,600,450
ISIC_0030415.jpg,600,450
ISIC_0030416.jpg,600,450
ISIC_0030417.jpg,600,450
ISIC_0030418.jpg,600,450
ISIC_0030419.jpg,600,450
ISIC_0030420.jpg,600,450
ISIC_0030421.jpg,600,450
ISIC_0030422.jpg,600,450
ISIC_0030423.jpg,600,450
ISIC_0030424.jpg,600,450
ISIC_0030425.jpg,600,450
ISIC_0030426.jpg,600,450
ISIC_0030427.jpg,600,450
ISIC_0030428.jpg,600,450
ISIC_0030429.jpg,600,450
ISIC_0030430.jpg,600,450
ISIC_0030431.jpg,600,450
ISIC_0030432.jpg,600,450
ISIC_0030433.jpg,600,450
ISIC_0030434.jpg,600,450
ISIC_0030435.jpg,600,450
ISIC_0030436.jpg,600,450
ISIC_0030437.jpg,600,450
ISIC_0030438.jpg,600,450
ISIC_0030439.jpg,600,450
ISIC_0030440.jpg,600,450
ISIC_0030441.jpg,600,450
ISIC_0030442.jpg,600,450
ISIC_0030443.jpg,600,450
ISIC_0030444.jpg,600,450
ISIC_0030445.jpg,600,450
ISIC_0030446.jpg,600,450
ISIC_0030447.jpg,600,450
ISIC_0030448.jpg,600,450
ISIC_0030449.jpg,600,450
ISIC_0030450.jpg,600,450
ISIC_0030451.jpg,600,450
ISIC_0030452.jpg,600,450
ISIC_0030453.jpg,600,450
ISIC_0030454.jpg,600,450
ISIC_0030455.jpg,600,450
ISIC_0030456.jpg,600,450
ISIC_0030457.jpg,600,450
ISIC_0030458.jpg,600,450
ISIC_0030459.jpg,600,450
ISIC_0030460.jpg,600,450
ISIC_0030461.jpg,600,450
ISIC_0030462.jpg,600,450
ISIC_0030463.jpg,600,450
ISIC_0030464.jpg,600,450
ISIC_0030465.jpg,600,450
ISIC_0030466.jpg,600,450
ISIC_0030467.jpg,600,450
ISIC_0030468.jpg,600,450
ISIC_0030469.jpg,600,450
ISIC_0030470.jpg,600,450
ISIC_0030471.jpg,600,450
ISIC_0030472.jpg,600,450
ISIC_0030473.jpg,600,450
ISIC_0030474.jpg,600,450
ISIC_0030475.jpg,600,450
ISIC_0030476.jpg,600,450
ISIC_0030477.jpg,600,450
ISIC_0030478.jpg,600,450
ISIC_0030479.jpg,600,450
ISIC_0030480.jpg,600,450
ISIC_0030481.jpg,600,450
ISIC_0030482.jpg,600,450
ISIC_0030483.jpg,600,450
ISIC_0030484.jpg,600,450
ISIC_0030485.jpg,600,450
ISIC_0030486.jpg,600,450
ISIC_0030487.jpg,600,450
ISIC_0030488.jpg,600,450
ISIC_0030489.jpg,600,450
ISIC_0030490.jpg,600,450
ISIC_0030491.jpg,600,450
ISIC_0030492.jpg,600,450
ISIC_0030493.jpg,600,450
ISIC_0030494.jpg,600,450
ISIC_0030495.jpg,600,450
ISIC_0030496.jpg,600,450
ISIC_0030497.jpg,600,450
ISIC_0030498.jpg,600,450
ISIC_0030499.jpg,600,450
ISIC_0030500.jpg,600,450
ISIC_0030501.jpg,600,450
ISIC_0030502.jpg,600,450
ISIC_0030503.jpg,600,450
ISIC_0030504.jpg,600,450
ISIC_0030505.jpg,600,450
